{
  "Delete character" : {
    "transaction" : "Delete character",
    "sampleCount" : 20000,
    "errorCount" : 17901,
    "errorPct" : 89.505,
    "meanResTime" : 77.20255000000012,
    "medianResTime" : 1.0,
    "minResTime" : 0.0,
    "maxResTime" : 11485.0,
    "pct1ResTime" : 38.0,
    "pct2ResTime" : 181.0,
    "pct3ResTime" : 1491.0,
    "throughput" : 1076.8899418479432,
    "receivedKBytesPerSec" : 2503.989014881273,
    "sentKBytesPerSec" : 19.97709715902972
  },
  "Total" : {
    "transaction" : "Total",
    "sampleCount" : 100000,
    "errorCount" : 90705,
    "errorPct" : 90.705,
    "meanResTime" : 79.83595999999957,
    "medianResTime" : 1.0,
    "minResTime" : 0.0,
    "maxResTime" : 11487.0,
    "pct1ResTime" : 136.0,
    "pct2ResTime" : 265.9500000000007,
    "pct3ResTime" : 4632.0,
    "throughput" : 5376.05505080372,
    "receivedKBytesPerSec" : 12838.879420125262,
    "sentKBytesPerSec" : 92.34582062120316
  },
  "Get all characters" : {
    "transaction" : "Get all characters",
    "sampleCount" : 20000,
    "errorCount" : 18306,
    "errorPct" : 91.53,
    "meanResTime" : 92.08574999999982,
    "medianResTime" : 1.0,
    "minResTime" : 0.0,
    "maxResTime" : 10310.0,
    "pct1ResTime" : 30.0,
    "pct2ResTime" : 198.0,
    "pct3ResTime" : 1884.9900000000016,
    "throughput" : 1080.5554054784159,
    "receivedKBytesPerSec" : 2756.518788157113,
    "sentKBytesPerSec" : 14.12171950132368
  },
  "Get character by ID" : {
    "transaction" : "Get character by ID",
    "sampleCount" : 20000,
    "errorCount" : 18106,
    "errorPct" : 90.53,
    "meanResTime" : 88.09699999999978,
    "medianResTime" : 1.0,
    "minResTime" : 0.0,
    "maxResTime" : 10491.0,
    "pct1ResTime" : 33.0,
    "pct2ResTime" : 187.0,
    "pct3ResTime" : 1544.9800000000032,
    "throughput" : 1077.9346771585642,
    "receivedKBytesPerSec" : 2532.8962188914793,
    "sentKBytesPerSec" : 15.850376771855126
  },
  "Change character" : {
    "transaction" : "Change character",
    "sampleCount" : 20000,
    "errorCount" : 18163,
    "errorPct" : 90.815,
    "meanResTime" : 74.25629999999978,
    "medianResTime" : 1.0,
    "minResTime" : 0.0,
    "maxResTime" : 11485.0,
    "pct1ResTime" : 37.0,
    "pct2ResTime" : 154.0,
    "pct3ResTime" : 1481.9900000000016,
    "throughput" : 1076.9479295676053,
    "receivedKBytesPerSec" : 2531.1829010957945,
    "sentKBytesPerSec" : 22.769981590921326
  },
  "Create character" : {
    "transaction" : "Create character",
    "sampleCount" : 20000,
    "errorCount" : 18229,
    "errorPct" : 91.145,
    "meanResTime" : 67.53819999999999,
    "medianResTime" : 1.0,
    "minResTime" : 0.0,
    "maxResTime" : 11487.0,
    "pct1ResTime" : 30.0,
    "pct2ResTime" : 163.0,
    "pct3ResTime" : 1356.9400000000096,
    "throughput" : 1079.7387032338174,
    "receivedKBytesPerSec" : 2553.017964574448,
    "sentKBytesPerSec" : 19.887806291502457
  }
}