{
  "Delete character" : {
    "transaction" : "Delete character",
    "sampleCount" : 2000,
    "errorCount" : 1334,
    "errorPct" : 66.7,
    "meanResTime" : 55.361999999999966,
    "medianResTime" : 2.0,
    "minResTime" : 0.0,
    "maxResTime" : 1230.0,
    "pct1ResTime" : 160.0,
    "pct2ResTime" : 180.0,
    "pct3ResTime" : 366.96000000000004,
    "throughput" : 617.283950617284,
    "receivedKBytesPerSec" : 1107.8522858796296,
    "sentKBytesPerSec" : 36.33355034722222
  },
  "Total" : {
    "transaction" : "Total",
    "sampleCount" : 10000,
    "errorCount" : 6812,
    "errorPct" : 68.12,
    "meanResTime" : 89.5105000000002,
    "medianResTime" : 1.0,
    "minResTime" : 0.0,
    "maxResTime" : 2063.0,
    "pct1ResTime" : 166.0,
    "pct2ResTime" : 286.0,
    "pct3ResTime" : 1687.0,
    "throughput" : 3051.571559353067,
    "receivedKBytesPerSec" : 6167.717829760451,
    "sentKBytesPerSec" : 176.68807932178822
  },
  "Get all characters" : {
    "transaction" : "Get all characters",
    "sampleCount" : 2000,
    "errorCount" : 1391,
    "errorPct" : 69.55,
    "meanResTime" : 221.28250000000003,
    "medianResTime" : 2.0,
    "minResTime" : 0.0,
    "maxResTime" : 2063.0,
    "pct1ResTime" : 1498.300000000027,
    "pct2ResTime" : 1687.0,
    "pct3ResTime" : 1942.0,
    "throughput" : 639.1818472355385,
    "receivedKBytesPerSec" : 1801.97815546101,
    "sentKBytesPerSec" : 30.030935402684563
  },
  "Get character by ID" : {
    "transaction" : "Get character by ID",
    "sampleCount" : 2000,
    "errorCount" : 1356,
    "errorPct" : 67.8,
    "meanResTime" : 66.60550000000009,
    "medianResTime" : 1.0,
    "minResTime" : 0.0,
    "maxResTime" : 1230.0,
    "pct1ResTime" : 155.0,
    "pct2ResTime" : 187.0,
    "pct3ResTime" : 1011.98,
    "throughput" : 621.6972334473112,
    "receivedKBytesPerSec" : 1134.307851841778,
    "sentKBytesPerSec" : 31.08364741995648
  },
  "Change character" : {
    "transaction" : "Change character",
    "sampleCount" : 2000,
    "errorCount" : 1354,
    "errorPct" : 67.7,
    "meanResTime" : 53.48399999999998,
    "medianResTime" : 1.0,
    "minResTime" : 0.0,
    "maxResTime" : 1231.0,
    "pct1ResTime" : 156.9000000000001,
    "pct2ResTime" : 187.0,
    "pct3ResTime" : 314.9200000000001,
    "throughput" : 622.8589224540642,
    "receivedKBytesPerSec" : 1132.7735713173468,
    "sentKBytesPerSec" : 42.894542198692
  },
  "Create character" : {
    "transaction" : "Create character",
    "sampleCount" : 2000,
    "errorCount" : 1377,
    "errorPct" : 68.85,
    "meanResTime" : 50.81849999999996,
    "medianResTime" : 1.0,
    "minResTime" : 0.0,
    "maxResTime" : 1230.0,
    "pct1ResTime" : 153.0,
    "pct2ResTime" : 178.0,
    "pct3ResTime" : 364.98,
    "throughput" : 629.5247088448222,
    "receivedKBytesPerSec" : 1163.794767567674,
    "sentKBytesPerSec" : 40.789696942870634
  }
}