{
  "Delete character" : {
    "transaction" : "Delete character",
    "sampleCount" : 635699,
    "errorCount" : 547547,
    "errorPct" : 86.13306,
    "meanResTime" : 270.59635771017514,
    "medianResTime" : 1.0,
    "minResTime" : 0.0,
    "maxResTime" : 40346.0,
    "pct1ResTime" : 631.0,
    "pct2ResTime" : 825.0,
    "pct3ResTime" : 2241.980000000003,
    "throughput" : 754.0492997424817,
    "receivedKBytesPerSec" : 1694.1863406358868,
    "sentKBytesPerSec" : 18.48242706219226
  },
  "Total" : {
    "transaction" : "Total",
    "sampleCount" : 3197926,
    "errorCount" : 2757620,
    "errorPct" : 86.231514,
    "meanResTime" : 242.08352538489467,
    "medianResTime" : 340.0,
    "minResTime" : 0.0,
    "maxResTime" : 40348.0,
    "pct1ResTime" : 546.0,
    "pct2ResTime" : 604.0,
    "pct3ResTime" : 821.0,
    "throughput" : 3793.146557859278,
    "receivedKBytesPerSec" : 9308.65419035523,
    "sentKBytesPerSec" : 94.43166976851248
  },
  "Get all characters" : {
    "transaction" : "Get all characters",
    "sampleCount" : 643590,
    "errorCount" : 555513,
    "errorPct" : 86.314735,
    "meanResTime" : 263.21917991267424,
    "medianResTime" : 1.0,
    "minResTime" : 0.0,
    "maxResTime" : 40348.0,
    "pct1ResTime" : 600.9000000000015,
    "pct2ResTime" : 792.9500000000007,
    "pct3ResTime" : 2213.880000000019,
    "throughput" : 763.3804186796254,
    "receivedKBytesPerSec" : 2491.869381272396,
    "sentKBytesPerSec" : 16.11949278700454
  },
  "Get character by ID" : {
    "transaction" : "Get character by ID",
    "sampleCount" : 639698,
    "errorCount" : 551320,
    "errorPct" : 86.18442,
    "meanResTime" : 268.7427379794947,
    "medianResTime" : 1.0,
    "minResTime" : 0.0,
    "maxResTime" : 40340.0,
    "pct1ResTime" : 612.0,
    "pct2ResTime" : 802.0,
    "pct3ResTime" : 2092.9600000000064,
    "throughput" : 758.7874071974122,
    "receivedKBytesPerSec" : 1707.1083993792502,
    "sentKBytesPerSec" : 16.277453326629523
  },
  "Change character" : {
    "transaction" : "Change character",
    "sampleCount" : 637485,
    "errorCount" : 549661,
    "errorPct" : 86.223366,
    "meanResTime" : 199.89315513306326,
    "medianResTime" : 1.0,
    "minResTime" : 0.0,
    "maxResTime" : 40343.0,
    "pct1ResTime" : 403.0,
    "pct2ResTime" : 630.0,
    "pct3ResTime" : 2092.8100000000304,
    "throughput" : 756.1507639971247,
    "receivedKBytesPerSec" : 1701.905651561162,
    "sentKBytesPerSec" : 21.87307899826348
  },
  "Create character" : {
    "transaction" : "Create character",
    "sampleCount" : 641454,
    "errorCount" : 553579,
    "errorPct" : 86.30065,
    "meanResTime" : 207.9635546742251,
    "medianResTime" : 1.0,
    "minResTime" : 0.0,
    "maxResTime" : 40344.0,
    "pct1ResTime" : 405.0,
    "pct2ResTime" : 627.0,
    "pct3ResTime" : 2015.0,
    "throughput" : 760.849555674696,
    "receivedKBytesPerSec" : 1713.7447505752002,
    "sentKBytesPerSec" : 21.68094753431185
  }
}