{
  "Delete character" : {
    "transaction" : "Delete character",
    "sampleCount" : 37120,
    "errorCount" : 33797,
    "errorPct" : 91.04795,
    "meanResTime" : 125.44919181034521,
    "medianResTime" : 1.0,
    "minResTime" : 0.0,
    "maxResTime" : 18185.0,
    "pct1ResTime" : 39.0,
    "pct2ResTime" : 263.55000000000655,
    "pct3ResTime" : 2842.980000000003,
    "throughput" : 1207.4293335068144,
    "receivedKBytesPerSec" : 2850.856483081515,
    "sentKBytesPerSec" : 19.10568945572976
  },
  "Total" : {
    "transaction" : "Total",
    "sampleCount" : 187499,
    "errorCount" : 170261,
    "errorPct" : 90.80635,
    "meanResTime" : 114.13355804564223,
    "medianResTime" : 1.0,
    "minResTime" : 0.0,
    "maxResTime" : 18290.0,
    "pct1ResTime" : 111.0,
    "pct2ResTime" : 2419.9000000000015,
    "pct3ResTime" : 3306.9900000000016,
    "throughput" : 6093.9612584503375,
    "receivedKBytesPerSec" : 15035.452475227916,
    "sentKBytesPerSec" : 101.1792449237032
  },
  "Get all characters" : {
    "transaction" : "Get all characters",
    "sampleCount" : 37888,
    "errorCount" : 34299,
    "errorPct" : 90.52734,
    "meanResTime" : 140.99253061655426,
    "medianResTime" : 1.0,
    "minResTime" : 0.0,
    "maxResTime" : 18187.0,
    "pct1ResTime" : 40.0,
    "pct2ResTime" : 234.0,
    "pct3ResTime" : 2857.9900000000016,
    "throughput" : 1231.5693667923547,
    "receivedKBytesPerSec" : 3569.8867220513425,
    "sentKBytesPerSec" : 18.000633349856976
  },
  "Get character by ID" : {
    "transaction" : "Get character by ID",
    "sampleCount" : 37520,
    "errorCount" : 34059,
    "errorPct" : 90.77559,
    "meanResTime" : 121.00082622601278,
    "medianResTime" : 1.0,
    "minResTime" : 0.0,
    "maxResTime" : 18186.0,
    "pct1ResTime" : 39.0,
    "pct2ResTime" : 222.0,
    "pct3ResTime" : 2846.980000000003,
    "throughput" : 1219.9642334579744,
    "receivedKBytesPerSec" : 2874.198428101122,
    "sentKBytesPerSec" : 17.473625985612095
  },
  "Change character" : {
    "transaction" : "Change character",
    "sampleCount" : 37298,
    "errorCount" : 33934,
    "errorPct" : 90.98075,
    "meanResTime" : 90.63225910236443,
    "medianResTime" : 1.0,
    "minResTime" : 0.0,
    "maxResTime" : 17755.0,
    "pct1ResTime" : 39.0,
    "pct2ResTime" : 169.0,
    "pct3ResTime" : 2684.0,
    "throughput" : 1212.8642039542144,
    "receivedKBytesPerSec" : 2863.2882998463515,
    "sentKBytesPerSec" : 22.96789131601197
  },
  "Create character" : {
    "transaction" : "Create character",
    "sampleCount" : 37673,
    "errorCount" : 34172,
    "errorPct" : 90.70687,
    "meanResTime" : 92.39975579327333,
    "medianResTime" : 1.0,
    "minResTime" : 0.0,
    "maxResTime" : 18290.0,
    "pct1ResTime" : 39.0,
    "pct2ResTime" : 169.0,
    "pct3ResTime" : 2667.9900000000016,
    "throughput" : 1224.7001072786973,
    "receivedKBytesPerSec" : 2883.3624176107733,
    "sentKBytesPerSec" : 23.67398171589025
  }
}