{
  "Delete character" : {
    "transaction" : "Delete character",
    "sampleCount" : 100,
    "errorCount" : 0,
    "errorPct" : 0.0,
    "meanResTime" : 1.2200000000000004,
    "medianResTime" : 1.0,
    "minResTime" : 0.0,
    "maxResTime" : 3.0,
    "pct1ResTime" : 2.0,
    "pct2ResTime" : 2.0,
    "pct3ResTime" : 3.0,
    "throughput" : 101.5228426395939,
    "receivedKBytesPerSec" : 24.68670685279188,
    "sentKBytesPerSec" : 17.944955583756347
  },
  "Total" : {
    "transaction" : "Total",
    "sampleCount" : 500,
    "errorCount" : 0,
    "errorPct" : 0.0,
    "meanResTime" : 1.3540000000000003,
    "medianResTime" : 1.0,
    "minResTime" : 0.0,
    "maxResTime" : 5.0,
    "pct1ResTime" : 2.0,
    "pct2ResTime" : 3.0,
    "pct3ResTime" : 3.990000000000009,
    "throughput" : 501.5045135406219,
    "receivedKBytesPerSec" : 132.70965239468404,
    "sentKBytesPerSec" : 90.70179287863591
  },
  "Get all characters" : {
    "transaction" : "Get all characters",
    "sampleCount" : 100,
    "errorCount" : 0,
    "errorPct" : 0.0,
    "meanResTime" : 2.09,
    "medianResTime" : 2.0,
    "minResTime" : 1.0,
    "maxResTime" : 5.0,
    "pct1ResTime" : 3.0,
    "pct2ResTime" : 3.9499999999999886,
    "pct3ResTime" : 4.989999999999995,
    "throughput" : 100.90817356205852,
    "receivedKBytesPerSec" : 31.422450491927346,
    "sentKBytesPerSec" : 15.56981584258325
  },
  "Get character by ID" : {
    "transaction" : "Get character by ID",
    "sampleCount" : 100,
    "errorCount" : 0,
    "errorPct" : 0.0,
    "meanResTime" : 0.97,
    "medianResTime" : 1.0,
    "minResTime" : 0.0,
    "maxResTime" : 2.0,
    "pct1ResTime" : 1.9000000000000057,
    "pct2ResTime" : 2.0,
    "pct3ResTime" : 2.0,
    "throughput" : 101.41987829614604,
    "receivedKBytesPerSec" : 25.949226673427994,
    "sentKBytesPerSec" : 15.74781313387424
  },
  "Change character" : {
    "transaction" : "Change character",
    "sampleCount" : 100,
    "errorCount" : 0,
    "errorPct" : 0.0,
    "meanResTime" : 1.1900000000000004,
    "medianResTime" : 1.0,
    "minResTime" : 0.0,
    "maxResTime" : 3.0,
    "pct1ResTime" : 2.0,
    "pct2ResTime" : 2.0,
    "pct3ResTime" : 3.0,
    "throughput" : 101.31712259371834,
    "receivedKBytesPerSec" : 26.021878166160082,
    "sentKBytesPerSec" : 21.272638044579534
  },
  "Create character" : {
    "transaction" : "Create character",
    "sampleCount" : 100,
    "errorCount" : 0,
    "errorPct" : 0.0,
    "meanResTime" : 1.3000000000000003,
    "medianResTime" : 1.0,
    "minResTime" : 0.0,
    "maxResTime" : 3.0,
    "pct1ResTime" : 2.0,
    "pct2ResTime" : 2.0,
    "pct3ResTime" : 3.0,
    "throughput" : 101.21457489878543,
    "receivedKBytesPerSec" : 25.896697874493928,
    "sentKBytesPerSec" : 21.053422317813766
  }
}