{
  "Delete character" : {
    "transaction" : "Delete character",
    "sampleCount" : 146827,
    "errorCount" : 123253,
    "errorPct" : 83.94437,
    "meanResTime" : 262.6748350099071,
    "medianResTime" : 2.0,
    "minResTime" : 0.0,
    "maxResTime" : 40578.0,
    "pct1ResTime" : 587.0,
    "pct2ResTime" : 647.0,
    "pct3ResTime" : 2389.9900000000016,
    "throughput" : 695.555987171531,
    "receivedKBytesPerSec" : 1527.483221257929,
    "sentKBytesPerSec" : 19.73958715767458
  },
  "Total" : {
    "transaction" : "Total",
    "sampleCount" : 743095,
    "errorCount" : 624981,
    "errorPct" : 84.105125,
    "meanResTime" : 216.47412376613698,
    "medianResTime" : 293.0,
    "minResTime" : 0.0,
    "maxResTime" : 40584.0,
    "pct1ResTime" : 616.0,
    "pct2ResTime" : 658.0,
    "pct3ResTime" : 728.0,
    "throughput" : 3519.492083339254,
    "receivedKBytesPerSec" : 8767.600034833722,
    "sentKBytesPerSec" : 101.18234565264497
  },
  "Get all characters" : {
    "transaction" : "Get all characters",
    "sampleCount" : 150626,
    "errorCount" : 126945,
    "errorPct" : 84.27828,
    "meanResTime" : 250.14871934460103,
    "medianResTime" : 2.0,
    "minResTime" : 0.0,
    "maxResTime" : 40580.0,
    "pct1ResTime" : 588.0,
    "pct2ResTime" : 646.0,
    "pct3ResTime" : 2442.970000000005,
    "throughput" : 713.4716768426987,
    "receivedKBytesPerSec" : 2593.6708960182623,
    "sentKBytesPerSec" : 17.307484934301833
  },
  "Get character by ID" : {
    "transaction" : "Get character by ID",
    "sampleCount" : 148620,
    "errorCount" : 125052,
    "errorPct" : 84.142105,
    "meanResTime" : 244.28574216121515,
    "medianResTime" : 2.0,
    "minResTime" : 0.0,
    "maxResTime" : 40584.0,
    "pct1ResTime" : 582.0,
    "pct2ResTime" : 632.0,
    "pct3ResTime" : 2416.980000000003,
    "throughput" : 703.9231567131307,
    "receivedKBytesPerSec" : 1550.5345596306322,
    "sentKBytesPerSec" : 17.332766741975362
  },
  "Change character" : {
    "transaction" : "Change character",
    "sampleCount" : 147545,
    "errorCount" : 123910,
    "errorPct" : 83.981155,
    "meanResTime" : 160.57806093056317,
    "medianResTime" : 2.0,
    "minResTime" : 0.0,
    "maxResTime" : 40559.0,
    "pct1ResTime" : 396.0,
    "pct2ResTime" : 565.0,
    "pct3ResTime" : 2286.9600000000064,
    "throughput" : 699.0434317065198,
    "receivedKBytesPerSec" : 1537.1794847355934,
    "sentKBytesPerSec" : 23.511144602484045
  },
  "Create character" : {
    "transaction" : "Create character",
    "sampleCount" : 149477,
    "errorCount" : 125821,
    "errorPct" : 84.17416,
    "meanResTime" : 164.6804725810631,
    "medianResTime" : 2.0,
    "minResTime" : 0.0,
    "maxResTime" : 40547.0,
    "pct1ResTime" : 531.0,
    "pct2ResTime" : 587.0,
    "pct3ResTime" : 2233.980000000003,
    "throughput" : 708.0996323947398,
    "receivedKBytesPerSec" : 1560.152537049198,
    "sentKBytesPerSec" : 23.309929190984196
  }
}